Time,Ticket,Symbol,Type,Direction,Volume,Price,S/L,T/P,Commission,Swap,Profit,Comment
2025.12.23 09:16,388370825,,BALANCE,IN,0.0,0.0,0.0,0.0,0.0,0.0,5000000.0,
2025.12.23 11:07,388396645,USDJPY,SELL,IN,0.01,155.662,0.0,0.0,0.0,0.0,0.0,
2025.12.23 11:07,388396664,USDJPY,SELL,IN,0.01,155.681,0.0,0.0,0.0,0.0,0.0,
2025.12.23 11:08,388396733,USDJPY,BUY,IN,0.01,155.72,0.0,0.0,0.0,0.0,0.0,
2025.12.23 11:08,388396860,USDJPY,BUY,OUT,0.01,155.697,0.0,0.0,0.0,0.0,-35.0,
2025.12.23 11:08,388396921,USDJPY,BUY,OUT,0.01,155.697,0.0,0.0,0.0,0.0,-16.0,
2025.12.23 11:08,388396946,USDJPY,SELL,OUT,0.01,155.672,0.0,0.0,0.0,0.0,-48.0,
2025.12.23 11:10,388397635,USDJPY,SELL,IN,0.01,155.683,0.0,0.0,0.0,0.0,0.0,
2025.12.23 11:10,388397639,USDJPY,SELL,IN,0.01,155.69,0.0,0.0,0.0,0.0,0.0,
2025.12.23 11:10,388397646,USDJPY,BUY,IN,0.01,155.719,0.0,0.0,0.0,0.0,0.0,
2025.12.23 11:10,388397654,USDJPY,BUY,IN,0.01,155.716,0.0,0.0,0.0,0.0,0.0,
2025.12.23 11:11,388397923,USDJPY,SELL,IN,0.01,155.697,0.0,0.0,0.0,0.0,0.0,
2025.12.23 11:12,388398036,USDJPY,BUY,OUT,0.01,155.768,0.0,0.0,0.0,0.0,-71.0,
2025.12.23 11:12,388398038,USDJPY,BUY,OUT,0.01,155.768,0.0,0.0,0.0,0.0,-78.0,
2025.12.23 11:12,388398040,USDJPY,BUY,OUT,0.01,155.771,0.0,0.0,0.0,0.0,-88.0,
2025.12.23 11:12,388398052,USDJPY,BUY,IN,0.01,155.771,0.0,0.0,0.0,0.0,0.0,
2025.12.23 11:36,388403803,USDJPY,SELL,OUT,0.01,155.927,0.0,0.0,0.0,0.0,211.0,
2025.12.23 11:36,388403819,USDJPY,SELL,OUT,0.01,155.927,0.0,0.0,0.0,0.0,208.0,
2025.12.23 11:36,388403823,USDJPY,SELL,OUT,0.01,155.927,0.0,0.0,0.0,0.0,156.0,
2025.12.23 11:42,388404649,USDJPY,BUY,IN,0.05,155.884,0.0,0.0,0.0,0.0,0.0,
2025.12.24 14:09,388771667,USDJPY,SELL,OUT,0.05,155.904,0.0,0.0,0.0,3.0,100.0,
2025.12.24 14:55,388779382,USDJPY,BUY,IN,0.01,155.982,0.0,0.0,0.0,0.0,0.0,Speedy_Buy_NoSL
2025.12.24 14:55,388779383,BTCJPY,BUY,IN,0.01,13639409.0,0.0,0.0,0.0,0.0,0.0,Speedy_Buy_NoSL
2025.12.24 14:57,388779726,BTCJPY,SELL,OUT,0.01,13640807.0,13640845.0,0.0,0.0,0.0,14.0,[sl 13640845]
2025.12.24 15:00,388780814,USDJPY,SELL,OUT,0.01,156.034,0.0,0.0,0.0,0.0,52.0,
2025.12.24 15:00,388780816,BTCJPY,BUY,IN,0.01,13649167.0,0.0,0.0,0.0,0.0,0.0,Speedy_Buy_NoSL
2025.12.24 15:00,388780855,BTCJPY,SELL,OUT,0.01,13632434.0,0.0,0.0,0.0,0.0,-167.0,
2025.12.24 15:00,388780865,USDJPY,BUY,IN,0.01,156.05,0.0,0.0,0.0,0.0,0.0,Speedy_Buy_NoSL
2025.12.24 15:01,388781257,USDJPY,SELL,OUT,0.01,156.025,0.0,0.0,0.0,0.0,-25.0,
2025.12.24 15:01,388781258,BTCJPY,BUY,IN,0.01,13649781.0,0.0,0.0,0.0,0.0,0.0,Speedy_Buy_NoSL
2025.12.24 15:01,388781259,USDJPY,BUY,IN,0.01,156.051,0.0,0.0,0.0,0.0,0.0,Speedy_Buy_NoSL
2025.12.24 16:23,388807889,BTCJPY,SELL,OUT,0.01,13614639.0,0.0,0.0,0.0,0.0,-351.0,
2025.12.24 16:23,388807891,USDJPY,SELL,OUT,0.01,155.991,0.0,0.0,0.0,0.0,-60.0,
2025.12.25 05:55,388879596,BTCJPY,BUY,IN,0.01,13691851.0,13669841.0,13707291.0,0.0,0.0,0.0,Up_Aggressive_GO
2025.12.25 06:00,388879662,BTCJPY,SELL,OUT,0.01,13669543.0,13669841.0,13707291.0,0.0,0.0,-223.0,[sl 13669841]
2025.12.25 06:01,388879665,BTCJPY,BUY,IN,0.01,13684920.0,13669549.0,13706999.0,0.0,0.0,0.0,Up_Aggressive_GO
2025.12.25 06:01,388879666,BTCJPY,SELL,OUT,0.01,13668965.0,13669549.0,13706999.0,0.0,0.0,-160.0,[sl 13669549]
2025.12.25 06:12,388879749,BTCJPY,SELL,IN,0.01,13659731.0,13709806.0,13670153.0,0.0,0.0,0.0,Down_Aggressive_GO
2025.12.25 07:04,388880140,BTCJPY,BUY,OUT,0.01,13670059.0,13709806.0,13670153.0,0.0,0.0,-103.0,[tp 13670153]
2025.12.25 07:11,388880260,BTCJPY,SELL,IN,0.01,13652579.0,13709507.0,13661855.0,0.0,0.0,0.0,Down_Aggressive_GO
2025.12.25 07:13,388880262,BTCJPY,BUY,OUT,0.01,13659474.0,13709507.0,13661855.0,0.0,0.0,-69.0,[tp 13661855]
2025.12.25 07:17,388880310,BTCJPY,SELL,IN,0.01,13653463.0,13709645.0,13661432.0,0.0,0.0,0.0,Down_Aggressive_GO
2025.12.25 07:23,388880354,BTCJPY,BUY,OUT,0.01,13660119.0,13709645.0,13661432.0,0.0,0.0,-67.0,[tp 13661432]
2025.12.25 07:27,388880371,BTCJPY,SELL,IN,0.01,13653081.0,13709779.0,13661566.0,0.0,0.0,0.0,Down_Aggressive_GO
2025.12.25 08:52,388880753,BTCJPY,BUY,OUT,0.01,13698159.0,13709779.0,13661566.0,0.0,0.0,-451.0,
2025.12.25 09:05,388880819,BTCJPY,BUY,IN,0.01,13694132.0,13645914.0,13702971.0,0.0,0.0,0.0,Up_Aggressive_GO
2025.12.25 09:56,388881044,BTCJPY,SELL,OUT,0.01,13693153.0,13699674.0,13702971.0,0.0,0.0,-10.0,[sl 13699674]
2025.12.25 10:12,388881314,BTCJPY,BUY,IN,0.01,13720438.0,13653125.0,13728961.0,0.0,0.0,0.0,Up_Aggressive_GO
2025.12.25 10:22,388881645,BTCJPY,SELL,OUT,0.01,13653042.0,13653125.0,13728961.0,0.0,0.0,-674.0,[sl 13653125]
2025.12.25 10:53,388882539,BTCJPY,BUY,IN,0.01,13676950.0,13651549.0,13729332.0,0.0,0.0,0.0,Up_Aggressive_GO
2025.12.25 10:53,388882540,BTCJPY,SELL,OUT,0.01,13651465.0,13651549.0,13729332.0,0.0,0.0,-255.0,[sl 13651549]
2025.12.25 10:55,388882600,BTCJPY,BUY,IN,0.01,13682569.0,13650883.0,13728666.0,0.0,0.0,0.0,Up_Aggressive_GO
2025.12.25 11:05,388882992,BTCJPY,SELL,OUT,0.01,13650248.0,13650883.0,13728666.0,0.0,0.0,-323.0,[sl 13650883]
2025.12.25 11:14,388883112,BTCJPY,SELL,IN,0.01,13645252.0,13732142.0,13654359.0,0.0,0.0,0.0,Down_Aggressive_GO
2025.12.25 12:11,388883790,BTCJPY,BUY,OUT,0.01,13654190.0,13732142.0,13654359.0,0.0,0.0,-89.0,[tp 13654359]
2025.12.26 02:39,388899480,BTCJPY,SELL,IN,0.01,13606852.0,13734334.0,13610328.0,0.0,0.0,0.0,Down_Aggressive_GO
2025.12.26 02:42,388899534,BTCJPY,BUY,OUT,0.01,13610018.0,13734334.0,13610328.0,0.0,0.0,-32.0,[tp 13610328]
2025.12.26 02:51,388899870,BTCJPY,SELL,IN,0.01,13604522.0,13735513.0,13598303.0,0.0,0.0,0.0,Down_Aggressive_GO
2025.12.26 04:14,388902427,BTCJPY,BUY,OUT,0.01,13735596.0,13735513.0,13598303.0,0.0,0.0,-1311.0,[sl 13735513]
2025.12.26 04:14,388902435,BTCJPY,SELL,IN,0.01,13724564.0,13744996.0,13602462.0,0.0,0.0,0.0,Down_Aggressive_GO
2025.12.26 04:14,388902461,BTCJPY,BUY,OUT,0.01,13745968.0,13744996.0,13602462.0,0.0,0.0,-214.0,[sl 13744996]
2025.12.26 04:16,388902968,BTCJPY,SELL,IN,0.01,13818304.0,13836826.0,13603379.0,0.0,0.0,0.0,Down_Aggressive_GO
2025.12.26 04:16,388902972,BTCJPY,BUY,OUT,0.01,13837724.0,13836826.0,13603379.0,0.0,0.0,-194.0,[sl 13836826]
2025.12.26 04:17,388903240,BTCJPY,SELL,IN,0.01,13832996.0,13850300.0,13603458.0,0.0,0.0,0.0,Down_Aggressive_GO
2025.12.26 04:17,388903261,BTCJPY,BUY,OUT,0.01,13853766.0,13850300.0,13603458.0,0.0,0.0,-208.0,[sl 13850300]
2025.12.26 04:18,388903362,BTCJPY,SELL,IN,0.01,13820858.0,13850394.0,13603552.0,0.0,0.0,0.0,Down_Aggressive_GO
2025.12.26 04:19,388903506,BTCJPY,BUY,OUT,0.01,13853969.0,13850394.0,13603552.0,0.0,0.0,-331.0,[sl 13850394]
2025.12.26 04:19,388903514,BTCJPY,SELL,IN,0.01,13838678.0,13864947.0,13604040.0,0.0,0.0,0.0,Down_Aggressive_GO
2025.12.26 04:19,388903571,BTCJPY,BUY,OUT,0.01,13867347.0,13864947.0,13604040.0,0.0,0.0,-287.0,[sl 13864947]
2025.12.26 04:20,388903664,BTCJPY,SELL,IN,0.01,13849009.0,13864962.0,13604055.0,0.0,0.0,0.0,Down_Aggressive_GO
2025.12.26 04:20,388903687,BTCJPY,BUY,OUT,0.01,13864962.0,13864962.0,13604055.0,0.0,0.0,-160.0,[sl 13864962]
2025.12.26 04:21,388903957,BTCJPY,SELL,IN,0.01,13902142.0,13922320.0,13605865.0,0.0,0.0,0.0,Down_Aggressive_GO
2025.12.26 04:21,388903968,BTCJPY,BUY,OUT,0.01,13903103.0,13900465.0,13605865.0,0.0,0.0,-10.0,[sl 13900465]
2025.12.26 04:29,388904766,BTCJPY,BUY,IN,0.01,13909400.0,13583334.0,13935675.0,0.0,0.0,0.0,Up_Aggressive_GO
2025.12.26 04:30,388904804,BTCJPY,SELL,OUT,0.01,13918059.0,13918811.0,13935675.0,0.0,0.0,87.0,[sl 13918811]
2025.12.26 04:35,388905077,BTCJPY,BUY,IN,0.01,13930548.0,13584970.0,13960214.0,0.0,0.0,0.0,Up_Aggressive_GO
2025.12.26 04:35,388905084,BTCJPY,SELL,OUT,0.01,13936790.0,13938148.0,13960214.0,0.0,0.0,62.0,[sl 13938148]
2025.12.26 04:39,388905199,BTCJPY,BUY,IN,0.01,13930646.0,13584524.0,13959768.0,0.0,0.0,0.0,Up_Aggressive_GO
2025.12.26 04:40,388905271,BTCJPY,SELL,OUT,0.01,13930260.0,13931663.0,13959768.0,0.0,0.0,-4.0,[sl 13931663]
2025.12.26 04:49,388905528,BTCJPY,BUY,IN,0.01,13923936.0,13587295.0,13962539.0,0.0,0.0,0.0,Up_Aggressive_GO
2025.12.26 04:51,388905574,BTCJPY,SELL,OUT,0.01,13923850.0,13924424.0,13962539.0,0.0,0.0,-1.0,[sl 13924424]
2025.12.26 04:59,388905783,BTCJPY,BUY,IN,0.01,13930099.0,13588038.0,13963282.0,0.0,0.0,0.0,Up_Aggressive_GO
2025.12.26 05:00,388905802,BTCJPY,SELL,OUT,0.01,13933084.0,13933123.0,13963282.0,0.0,0.0,30.0,[sl 13933123]
2025.12.26 05:04,388905893,BTCJPY,BUY,IN,0.01,13927349.0,13588631.0,13963875.0,0.0,0.0,0.0,Up_Aggressive_GO
2025.12.26 05:06,388905942,BTCJPY,SELL,OUT,0.01,13926898.0,13927518.0,13963875.0,0.0,0.0,-5.0,[sl 13927518]
2025.12.26 05:08,388905964,BTCJPY,BUY,IN,0.01,13931574.0,13588667.0,13963911.0,0.0,0.0,0.0,Up_Aggressive_GO
2025.12.26 05:10,388905993,BTCJPY,SELL,OUT,0.01,13935158.0,13935288.0,13963911.0,0.0,0.0,36.0,[sl 13935288]
2025.12.26 05:14,388906049,BTCJPY,BUY,IN,0.01,13919820.0,13588520.0,13963764.0,0.0,0.0,0.0,Up_Aggressive_GO
2025.12.26 09:13,388924012,BTCJPY,SELL,OUT,0.01,13956307.0,13956694.0,13963764.0,0.0,0.0,365.0,[sl 13956694]
2025.12.26 09:29,388926172,XAUJPY,BUY,IN,0.01,704548.0,695991.0,705629.0,0.0,0.0,0.0,Up_Aggressive_GO
2025.12.26 09:29,388926173,USDJPY,BUY,IN,0.01,156.238,155.789,156.286,0.0,0.0,0.0,Up_Aggressive_GO
2025.12.26 09:34,388927177,XAUJPY,SELL,OUT,0.01,705163.0,705180.0,705629.0,0.0,0.0,615.0,[sl 705180]
2025.12.26 09:34,388927294,USDJPY,SELL,OUT,0.01,156.287,155.789,156.286,0.0,0.0,49.0,[tp 156.286]
2025.12.26 09:34,388927297,BTCJPY,BUY,IN,0.01,13944987.0,13589365.0,13984448.0,0.0,0.0,0.0,Up_Aggressive_GO
2025.12.26 17:02,389015447,BTCJPY,SELL,OUT,0.01,13589272.0,13589365.0,13984448.0,0.0,0.0,-3557.0,[sl 13589365]
2025.12.27 15:30,389081845,BTCJPY,BUY,IN,0.01,13690971.0,13580597.0,13975680.0,0.0,0.0,0.0,Up_Aggressive_GO
2025.12.27 16:45,389082380,BTCJPY,SELL,OUT,0.01,13692629.0,13692877.0,13975680.0,0.0,0.0,17.0,[sl 13692877]
2025.12.27 16:45,389082388,BTCJPY,BUY,IN,0.01,13706815.0,13580182.0,13975265.0,0.0,0.0,0.0,Up_Aggressive_GO
2025.12.29 03:29,389150962,BTCJPY,SELL,OUT,0.01,13742674.0,13743184.0,13975265.0,0.0,0.0,359.0,[sl 13743184]
2025.12.29 03:29,389150966,BTCJPY,BUY,IN,0.01,13754528.0,13578556.0,13973639.0,0.0,0.0,0.0,Up_Aggressive_GO
2025.12.29 03:29,389150968,XAUJPY,BUY,IN,0.01,703875.0,695924.0,705559.0,0.0,0.0,0.0,Up_Aggressive_GO
2025.12.29 03:29,389150969,USDJPY,BUY,IN,0.01,156.239,155.785,156.307,0.0,0.0,0.0,Up_Aggressive_GO
2025.12.29 03:31,389151429,XAUJPY,SELL,OUT,0.01,704080.0,704084.0,705559.0,0.0,0.0,205.0,[sl 704084]
2025.12.29 03:35,389152493,BTCJPY,SELL,OUT,0.01,13755620.0,13756319.0,13973639.0,0.0,0.0,11.0,[sl 13756319]
2025.12.29 03:42,389154565,USDJPY,SELL,OUT,0.01,156.309,155.785,156.307,0.0,0.0,70.0,[tp 156.307]
2025.12.29 03:42,389154569,XAUJPY,BUY,IN,0.01,703599.0,696146.0,705548.0,0.0,0.0,0.0,Up_Aggressive_GO
2025.12.29 03:42,389154570,BTCJPY,BUY,IN,0.01,13821661.0,13576282.0,13971365.0,0.0,0.0,0.0,Up_Aggressive_GO
2025.12.29 03:44,389155101,XAUJPY,SELL,OUT,0.01,703959.0,703964.0,705548.0,0.0,0.0,360.0,[sl 703964]
2025.12.29 04:00,389158474,BTCJPY,SELL,OUT,0.01,13822171.0,13822209.0,13971365.0,0.0,0.0,5.0,[sl 13822209]
2025.12.29 04:00,389158479,BTCJPY,BUY,IN,0.01,13836078.0,13576240.0,13971323.0,0.0,0.0,0.0,Up_Aggressive_GO
2025.12.29 04:00,389158496,XAUJPY,BUY,IN,0.01,703902.0,696166.0,705543.0,0.0,0.0,0.0,Up_Aggressive_GO
2025.12.29 04:00,389158594,BTCJPY,SELL,OUT,0.01,13855156.0,13855403.0,13971323.0,0.0,0.0,191.0,[sl 13855403]
2025.12.29 04:00,389158872,XAUJPY,SELL,OUT,0.01,704518.0,704518.0,705543.0,0.0,0.0,616.0,[sl 704518]
2025.12.29 04:01,389159002,BTCJPY,BUY,IN,0.01,13879418.0,13574965.0,13970048.0,0.0,0.0,0.0,Up_Aggressive_GO
2025.12.29 04:01,389159008,XAUJPY,BUY,IN,0.01,704687.0,696143.0,705515.0,0.0,0.0,0.0,Up_Aggressive_GO
2025.12.29 04:01,389159169,XAUJPY,SELL,OUT,0.01,704840.0,704843.0,705515.0,0.0,0.0,153.0,[sl 704843]
2025.12.29 04:03,389159634,BTCJPY,SELL,OUT,0.01,13890313.0,13890396.0,13970048.0,0.0,0.0,109.0,[sl 13890396]
2025.12.29 04:03,389159643,BTCJPY,BUY,IN,0.01,13902954.0,13574155.0,13969238.0,0.0,0.0,0.0,Up_Aggressive_GO
2025.12.29 04:05,389160275,BTCJPY,SELL,OUT,0.01,13903449.0,13903915.0,13969238.0,0.0,0.0,5.0,[sl 13903915]
2025.12.29 04:05,389160279,BTCJPY,BUY,IN,0.01,13917810.0,13574242.0,13969325.0,0.0,0.0,0.0,Up_Aggressive_GO
2025.12.29 04:06,389160513,BTCJPY,SELL,OUT,0.01,13918063.0,13919934.0,13969325.0,0.0,0.0,3.0,[sl 13919934]
2025.12.29 04:06,389160540,BTCJPY,BUY,IN,0.01,13936794.0,13573832.0,13968915.0,0.0,0.0,0.0,Up_Aggressive_GO
2025.12.29 04:06,389160746,BTCJPY,SELL,OUT,0.01,13937797.0,13939045.0,13968915.0,0.0,0.0,10.0,[sl 13939045]
2025.12.29 04:07,389160776,BTCJPY,BUY,IN,0.01,13958849.0,13573321.0,13968404.0,0.0,0.0,0.0,Up_Aggressive_GO
2025.12.29 04:12,389162177,BTCJPY,SELL,OUT,0.01,13959168.0,13959955.0,13968404.0,0.0,0.0,3.0,[sl 13959955]
2025.12.29 04:19,389163374,BTCJPY,BUY,IN,0.01,13936440.0,13585009.0,13980092.0,0.0,0.0,0.0,Up_Aggressive_GO
2025.12.29 04:20,389163923,BTCJPY,SELL,OUT,0.01,13936940.0,13936979.0,13980092.0,0.0,0.0,5.0,[sl 13936979]
2025.12.29 04:21,389164152,BTCJPY,BUY,IN,0.01,13938680.0,13586091.0,13981174.0,0.0,0.0,0.0,Up_Aggressive_GO
2025.12.29 04:29,389165579,BTCJPY,SELL,OUT,0.01,13947604.0,13948086.0,13981174.0,0.0,0.0,89.0,[sl 13948086]
2025.12.29 04:34,389166622,BTCJPY,BUY,IN,0.01,13940675.0,13586983.0,13982066.0,0.0,0.0,0.0,Up_Aggressive_GO
2025.12.29 04:35,389166743,BTCJPY,SELL,OUT,0.01,13948835.0,13948874.0,13982066.0,0.0,0.0,82.0,[sl 13948874]
2025.12.29 04:37,389167093,BTCJPY,BUY,IN,0.01,13941029.0,13593358.0,13981203.0,0.0,0.0,0.0,Up_Aggressive_GO
2025.12.29 04:47,389168711,BTCJPY,SELL,OUT,0.01,13945084.0,13945675.0,13981203.0,0.0,0.0,41.0,[sl 13945675]
2025.12.29 04:47,389168712,USDJPY,BUY,IN,0.01,156.406,155.806,156.515,0.0,0.0,0.0,Up_Aggressive_GO
2025.12.30 12:32,389655179,USDJPY,SELL,OUT,0.01,155.806,155.806,156.515,0.0,1.0,-600.0,[sl 155.806]
2025.12.31 06:51,389855318,XAUJPY,BUY,IN,0.01,680589.0,679531.0,706272.0,0.0,0.0,0.0,Up_Aggressive_GO
2025.12.31 06:51,389855319,BTCJPY,BUY,IN,0.01,13847939.0,13589784.0,13977629.0,0.0,0.0,0.0,Up_Aggressive_GO
2025.12.31 06:56,389856369,XAUJPY,SELL,OUT,0.01,679529.0,679531.0,706272.0,0.0,0.0,-1060.0,[sl 679531]
2025.12.31 07:05,389859489,BTCJPY,SELL,OUT,0.01,13848310.0,13848349.0,13977629.0,0.0,0.0,4.0,[sl 13848349]
2025.12.31 07:05,389859497,XAUJPY,BUY,IN,0.01,678514.0,677463.0,706207.0,0.0,0.0,0.0,Up_Aggressive_GO
2025.12.31 07:05,389859498,BTCJPY,BUY,IN,0.01,13861532.0,13590018.0,13977863.0,0.0,0.0,0.0,Up_Aggressive_GO
2025.12.31 07:10,389860264,XAUJPY,SELL,OUT,0.01,678664.0,678666.0,706207.0,0.0,0.0,150.0,[sl 678666]
2025.12.31 08:22,389887664,BTCJPY,SELL,OUT,0.01,13861523.0,13861739.0,13977863.0,0.0,0.0,-0.0,[sl 13861739]
2025.12.31 08:22,389887686,XAUJPY,BUY,IN,0.01,674691.0,673384.0,706089.0,0.0,0.0,0.0,Up_Aggressive_GO
2025.12.31 08:22,389887687,BTCJPY,BUY,IN,0.01,13875010.0,13604958.0,13977867.0,0.0,0.0,0.0,Up_Aggressive_GO
2025.12.31 08:25,389888588,XAUJPY,SELL,OUT,0.01,673381.0,673384.0,706089.0,0.0,0.0,-1310.0,[sl 673384]
2025.12.31 09:36,389906622,BTCJPY,SELL,OUT,0.01,13874973.0,13875221.0,13977867.0,0.0,0.0,-0.0,[sl 13875221]
2025.12.31 09:36,389906630,BTCJPY,BUY,IN,0.01,13886405.0,13680621.0,13977795.0,0.0,0.0,0.0,Up_Aggressive_GO
2025.12.31 09:36,389906632,XAUJPY,BUY,IN,0.01,678673.0,673241.0,705946.0,0.0,0.0,0.0,Up_Aggressive_GO
2025.12.31 09:38,389906956,XAUJPY,SELL,OUT,0.01,678838.0,678839.0,705946.0,0.0,0.0,165.0,[sl 678839]
2025.12.31 11:55,389934202,BTCJPY,SELL,OUT,0.01,13886662.0,13886701.0,13977795.0,0.0,0.0,3.0,[sl 13886701]
2025.12.31 11:55,389934211,XAUJPY,BUY,IN,0.01,677963.0,673226.0,705931.0,0.0,0.0,0.0,Up_Aggressive_GO
2025.12.31 11:55,389934212,BTCJPY,BUY,IN,0.01,13899751.0,13680992.0,13978166.0,0.0,0.0,0.0,Up_Aggressive_GO
2025.12.31 12:02,389935347,XAUJPY,SELL,OUT,0.01,678130.0,678177.0,705931.0,0.0,0.0,167.0,[sl 678177]
2025.12.31 12:10,389936992,BTCJPY,SELL,OUT,0.01,13909293.0,13909376.0,13978166.0,0.0,0.0,95.0,[sl 13909376]
2025.12.31 12:10,389937006,XAUJPY,BUY,IN,0.01,678390.0,673214.0,705919.0,0.0,0.0,0.0,Up_Aggressive_GO
2025.12.31 12:10,389937008,BTCJPY,BUY,IN,0.01,13922426.0,13680432.0,13977606.0,0.0,0.0,0.0,Up_Aggressive_GO
2025.12.31 16:08,389986381,BTCJPY,SELL,OUT,0.01,13978404.0,13680432.0,13977606.0,0.0,0.0,560.0,[tp 13977606]
2026.01.02 10:38,390080319,XAUJPY,SELL,OUT,0.01,688615.0,688638.0,705919.0,0.0,-597.0,10225.0,[sl 688638]
2026.01.02 10:38,390080324,XAUJPY,BUY,IN,0.01,688763.0,672851.0,705556.0,0.0,0.0,0.0,Up_Aggressive_GO
2026.01.02 10:45,390081087,XAUJPY,SELL,OUT,0.01,689004.0,689013.0,705556.0,0.0,0.0,241.0,[sl 689013]
2026.01.02 10:45,390081111,XAUJPY,BUY,IN,0.01,689204.0,672838.0,705543.0,0.0,0.0,0.0,Up_Aggressive_GO
2026.01.02 10:46,390081540,XAUJPY,SELL,OUT,0.01,689477.0,689481.0,705543.0,0.0,0.0,273.0,[sl 689481]
2026.01.02 10:46,390081546,XAUJPY,BUY,IN,0.01,689658.0,672845.0,705550.0,0.0,0.0,0.0,Up_Aggressive_GO
2026.01.02 10:47,390081832,XAUJPY,SELL,OUT,0.01,689843.0,689853.0,705550.0,0.0,0.0,185.0,[sl 689853]
2026.01.02 10:47,390081846,XAUJPY,SELL,IN,0.01,689858.0,709136.0,676431.0,0.0,0.0,0.0,Down_Aggressive_GO
2026.01.02 10:50,390082554,XAUJPY,BUY,OUT,0.01,689523.0,689521.0,676431.0,0.0,0.0,335.0,[sl 689521]
2026.01.02 10:50,390082559,XAUJPY,SELL,IN,0.01,689333.0,709155.0,676450.0,0.0,0.0,0.0,Down_Aggressive_GO
2026.01.02 10:56,390083420,XAUJPY,BUY,OUT,0.01,689149.0,689147.0,676450.0,0.0,0.0,184.0,[sl 689147]
2026.01.02 10:56,390083423,XAUJPY,SELL,IN,0.01,688970.0,709160.0,676455.0,0.0,0.0,0.0,Down_Aggressive_GO
2026.01.02 10:56,390083424,BTCJPY,SELL,IN,0.01,13974458.0,14001839.0,13701863.0,0.0,0.0,0.0,Down_Aggressive_GO
2026.01.02 10:58,390084034,XAUJPY,BUY,OUT,0.01,688813.0,688811.0,676455.0,0.0,0.0,157.0,[sl 688811]
2026.01.02 11:10,390086796,BTCJPY,BUY,OUT,0.01,14003475.0,14001839.0,13701863.0,0.0,0.0,-290.0,[sl 14001839]
2026.01.02 11:10,390086813,XAUJPY,SELL,IN,0.01,688590.0,709163.0,676458.0,0.0,0.0,0.0,Down_Aggressive_GO
2026.01.02 11:13,390087680,XAUJPY,BUY,OUT,0.01,688438.0,688383.0,676458.0,0.0,0.0,152.0,[sl 688383]
2026.01.02 11:13,390087720,XAUJPY,SELL,IN,0.01,688214.0,709155.0,676450.0,0.0,0.0,0.0,Down_Aggressive_GO
2026.01.02 11:20,390089106,XAUJPY,BUY,OUT,0.01,688073.0,688059.0,676450.0,0.0,0.0,141.0,[sl 688059]
2026.01.02 11:20,390089121,USDJPY,BUY,IN,0.01,156.814,155.828,156.921,0.0,0.0,0.0,Up_Aggressive_GO
2026.01.02 11:20,390089124,XAUJPY,SELL,IN,0.01,687912.0,708224.0,675519.0,0.0,0.0,0.0,Down_Aggressive_GO
2026.01.02 11:21,390089613,XAUJPY,BUY,OUT,0.01,687729.0,687690.0,675519.0,0.0,0.0,183.0,[sl 687690]
2026.01.02 13:40,390108859,USDJPY,SELL,OUT,0.01,156.921,155.828,156.921,0.0,0.0,107.0,[tp 156.921]
2026.01.02 13:40,390108868,XAUJPY,SELL,IN,0.01,689359.0,708206.0,675501.0,0.0,0.0,0.0,Down_Aggressive_GO
2026.01.02 13:57,390110732,XAUJPY,BUY,OUT,0.01,689209.0,689187.0,675501.0,0.0,0.0,150.0,[sl 689187]
2026.01.02 13:57,390110734,XAUJPY,SELL,IN,0.01,689019.0,708078.0,675373.0,0.0,0.0,0.0,Down_Aggressive_GO
2026.01.02 14:41,390116669,XAUJPY,BUY,OUT,0.01,688737.0,688726.0,675373.0,0.0,0.0,282.0,[sl 688726]
2026.01.02 14:41,390116673,XAUJPY,SELL,IN,0.01,688557.0,707949.0,675244.0,0.0,0.0,0.0,Down_Aggressive_GO
2026.01.02 15:22,390126169,XAUJPY,BUY,OUT,0.01,688379.0,688364.0,675244.0,0.0,0.0,178.0,[sl 688364]
2026.01.02 15:22,390126185,XAUJPY,SELL,IN,0.01,688219.0,707938.0,675233.0,0.0,0.0,0.0,Down_Aggressive_GO
2026.01.02 15:24,390126866,XAUJPY,BUY,OUT,0.01,687982.0,687966.0,675233.0,0.0,0.0,237.0,[sl 687966]
2026.01.02 15:24,390126897,XAUJPY,SELL,IN,0.01,687713.0,707938.0,675233.0,0.0,0.0,0.0,Down_Aggressive_GO
2026.01.02 15:24,390127265,XAUJPY,BUY,OUT,0.01,687344.0,687233.0,675233.0,0.0,0.0,369.0,[sl 687233]
2026.01.02 15:26,390128353,XAUJPY,SELL,IN,0.01,687339.0,690601.0,687369.0,0.0,0.0,0.0,Down_Aggressive_GO
2026.01.02 15:26,390128434,XAUJPY,BUY,OUT,0.01,687341.0,690601.0,687369.0,0.0,0.0,-2.0,[tp 687369]
2026.01.02 15:40,390133571,BTCJPY,BUY,IN,0.01,14041017.0,14015882.0,14056265.0,0.0,0.0,0.0,Up_Aggressive_GO
2026.01.02 15:57,390137524,BTCJPY,SELL,OUT,0.01,14015699.0,14015882.0,14056265.0,0.0,0.0,-253.0,[sl 14015882]
2026.01.02 15:57,390137545,BTCJPY,BUY,IN,0.01,14029056.0,14015449.0,14055832.0,0.0,0.0,0.0,Up_Aggressive_GO
2026.01.02 15:57,390137547,EURJPY,SELL,IN,0.01,183.899,184.39,183.438,0.0,0.0,0.0,Down_Aggressive_GO
2026.01.02 15:58,390137937,BTCJPY,SELL,OUT,0.01,14015377.0,14015449.0,14055832.0,0.0,0.0,-137.0,[sl 14015449]
2026.01.03 18:14,390235423,BTCJPY,SELL,IN,0.01,14113459.0,14132135.0,14121107.0,0.0,0.0,0.0,Down_Aggressive_GO
2026.01.03 18:15,390235424,BTCJPY,SELL,IN,0.01,14112863.0,14131489.0,14120941.0,0.0,0.0,0.0,Down_Aggressive_GO
2026.01.03 18:16,390235428,BTCJPY,SELL,IN,0.01,14113459.0,14132012.0,14121353.0,0.0,0.0,0.0,Down_Aggressive_GO
2026.01.03 18:17,390235431,BTCJPY,SELL,IN,0.01,14115969.0,14134325.0,14124256.0,0.0,0.0,0.0,Down_Aggressive_GO
2026.01.03 18:18,390235433,BTCJPY,SELL,IN,0.01,14115969.0,14133663.0,14124123.0,0.0,0.0,0.0,Down_Aggressive_GO
2026.01.03 18:18,390235434,BTCJPY,BUY,OUT,0.01,14131534.0,14131489.0,14120941.0,0.0,0.0,-187.0,[sl 14131489]
2026.01.03 18:18,390235435,BTCJPY,BUY,OUT,0.01,14132491.0,14132135.0,14121107.0,0.0,0.0,-190.0,[sl 14132135]
2026.01.03 18:18,390235436,BTCJPY,BUY,OUT,0.01,14132491.0,14132012.0,14121353.0,0.0,0.0,-190.0,[sl 14132012]
2026.01.03 18:18,390235442,BTCJPY,BUY,OUT,0.01,14133903.0,14133663.0,14124123.0,0.0,0.0,-179.0,[sl 14133663]
2026.01.03 18:18,390235447,BTCJPY,BUY,OUT,0.01,14134358.0,14134325.0,14124256.0,0.0,0.0,-184.0,[sl 14134325]
2026.01.03 18:19,390235448,BTCJPY,SELL,IN,0.01,14119828.0,14138081.0,14127996.0,0.0,0.0,0.0,Down_Aggressive_GO
2026.01.03 18:19,390235458,BTCJPY,BUY,OUT,0.01,14138656.0,14138081.0,14127996.0,0.0,0.0,-188.0,[sl 14138081]
2026.01.03 18:20,390235474,BTCJPY,SELL,IN,0.01,14123813.0,14143141.0,14131897.0,0.0,0.0,0.0,Down_Aggressive_GO
2026.01.03 18:21,390235481,BTCJPY,SELL,IN,0.01,14118322.0,14136922.0,14125325.0,0.0,0.0,0.0,Down_Aggressive_GO
2026.01.03 18:22,390235484,BTCJPY,BUY,OUT,0.01,14131110.0,14143141.0,14131897.0,0.0,0.0,-73.0,[tp 14131897]
2026.01.03 18:22,390235487,BTCJPY,SELL,IN,0.01,14113286.0,14134420.0,14124490.0,0.0,0.0,0.0,Down_Aggressive_GO
2026.01.03 18:23,390235494,BTCJPY,BUY,OUT,0.01,14124914.0,14136922.0,14125325.0,0.0,0.0,-66.0,[tp 14125325]
2026.01.03 18:23,390235495,BTCJPY,SELL,IN,0.01,14109914.0,14129188.0,14118014.0,0.0,0.0,0.0,Down_Aggressive_GO
2026.01.03 18:23,390235496,BTCJPY,BUY,OUT,0.01,14122098.0,14134420.0,14124490.0,0.0,0.0,-88.0,[tp 14124490]
2026.01.03 18:23,390235506,BTCJPY,BUY,OUT,0.01,14116615.0,14129188.0,14118014.0,0.0,0.0,-67.0,[tp 14118014]
2026.01.03 18:25,390235535,BTCJPY,SELL,IN,0.01,14107467.0,14127058.0,14109990.0,0.0,0.0,0.0,Down_Aggressive_GO
2026.01.03 18:26,390235538,BTCJPY,SELL,IN,0.01,14107781.0,14125682.0,14109824.0,0.0,0.0,0.0,Down_Aggressive_GO
2026.01.03 18:26,390235543,BTCJPY,BUY,OUT,0.01,14125792.0,14125682.0,14109824.0,0.0,0.0,-180.0,[sl 14125682]
2026.01.03 18:26,390235546,BTCJPY,BUY,OUT,0.01,14127063.0,14127058.0,14109990.0,0.0,0.0,-196.0,[sl 14127058]
2026.01.03 18:27,390235548,BTCJPY,SELL,IN,0.01,14113475.0,14134610.0,14116205.0,0.0,0.0,0.0,Down_Aggressive_GO
2026.01.03 18:27,390235558,BTCJPY,BUY,OUT,0.01,14135440.0,14134610.0,14116205.0,0.0,0.0,-220.0,[sl 14134610]
2026.01.03 18:28,390235561,BTCJPY,SELL,IN,0.01,14122103.0,14145315.0,14123926.0,0.0,0.0,0.0,Down_Aggressive_GO
2026.01.03 18:29,390235574,BTCJPY,SELL,IN,0.01,14118009.0,14140641.0,14117745.0,0.0,0.0,0.0,Down_Aggressive_GO
2026.01.03 18:30,390235576,BTCJPY,SELL,IN,0.01,14121569.0,14143472.0,14119895.0,0.0,0.0,0.0,Down_Aggressive_GO
2026.01.03 18:31,390235584,BTCJPY,SELL,IN,0.01,14122605.0,14145409.0,14121998.0,0.0,0.0,0.0,Down_Aggressive_GO
2026.01.03 18:32,390235586,BTCJPY,SELL,IN,0.01,14124440.0,14147275.0,14123464.0,0.0,0.0,0.0,Down_Aggressive_GO
2026.01.03 18:32,390235588,BTCJPY,BUY,OUT,0.01,14140993.0,14140641.0,14117745.0,0.0,0.0,-230.0,[sl 14140641]
2026.01.03 18:33,390235594,BTCJPY,SELL,IN,0.01,14127844.0,14150590.0,14127046.0,0.0,0.0,0.0,Down_Aggressive_GO
2026.01.03 18:34,390235597,BTCJPY,SELL,IN,0.01,14127813.0,14148681.0,14126132.0,0.0,0.0,0.0,Down_Aggressive_GO
2026.01.03 18:34,390235598,BTCJPY,BUY,OUT,0.01,14143723.0,14143472.0,14119895.0,0.0,0.0,-222.0,[sl 14143472]
2026.01.03 18:34,390235600,BTCJPY,BUY,OUT,0.01,14145323.0,14145315.0,14123926.0,0.0,0.0,-232.0,[sl 14145315]
2026.01.03 18:34,390235601,BTCJPY,BUY,OUT,0.01,14145935.0,14145409.0,14121998.0,0.0,0.0,-233.0,[sl 14145409]
2026.01.03 18:34,390235607,BTCJPY,BUY,OUT,0.01,14147331.0,14147275.0,14123464.0,0.0,0.0,-229.0,[sl 14147275]
2026.01.03 18:34,390235609,BTCJPY,BUY,OUT,0.01,14148751.0,14148681.0,14126132.0,0.0,0.0,-209.0,[sl 14148681]
2026.01.03 18:35,390235612,BTCJPY,SELL,IN,0.01,14132456.0,14154967.0,14132433.0,0.0,0.0,0.0,Down_Aggressive_GO
2026.01.03 18:36,390235615,BTCJPY,SELL,IN,0.01,14131295.0,14153722.0,14131441.0,0.0,0.0,0.0,Down_Aggressive_GO
2026.01.03 18:37,390235619,BTCJPY,SELL,IN,0.01,14130731.0,14152614.0,14131966.0,0.0,0.0,0.0,Down_Aggressive_GO
2026.01.03 18:38,390235622,BTCJPY,SELL,IN,0.01,14132472.0,14153198.0,14136020.0,0.0,0.0,0.0,Down_Aggressive_GO
2026.01.03 18:40,390235627,BTCJPY,SELL,IN,0.01,14133978.0,14151577.0,14137192.0,0.0,0.0,0.0,Down_Aggressive_GO
2026.01.03 18:41,390235637,BTCJPY,BUY,OUT,0.01,14150860.0,14150590.0,14127046.0,0.0,0.0,-230.0,[sl 14150590]
2026.01.03 18:41,390235644,BTCJPY,SELL,IN,0.01,14135986.0,14153994.0,14141253.0,0.0,0.0,0.0,Down_Aggressive_GO
2026.01.03 18:41,390235648,BTCJPY,BUY,OUT,0.01,14151692.0,14151577.0,14137192.0,0.0,0.0,-177.0,[sl 14151577]
2026.01.03 18:41,390235661,BTCJPY,BUY,OUT,0.01,14152735.0,14152614.0,14131966.0,0.0,0.0,-220.0,[sl 14152614]
2026.01.03 18:43,390235676,BTCJPY,BUY,OUT,0.01,14153244.0,14153198.0,14136020.0,0.0,0.0,-208.0,[sl 14153198]
2026.01.03 18:43,390235679,BTCJPY,BUY,OUT,0.01,14153872.0,14153722.0,14131441.0,0.0,0.0,-226.0,[sl 14153722]
2026.01.03 18:50,390235710,BTCJPY,BUY,OUT,0.01,14154029.0,14153994.0,14141253.0,0.0,0.0,-180.0,[sl 14153994]
2026.01.03 18:51,390235712,BTCJPY,BUY,OUT,0.01,14155033.0,14154967.0,14132433.0,0.0,0.0,-226.0,[sl 14154967]
2026.01.03 20:06,390235975,BTCJPY,SELL,IN,0.01,14116487.0,14133544.0,14127373.0,0.0,0.0,0.0,Down_Aggressive_GO
2026.01.03 20:07,390235979,BTCJPY,SELL,IN,0.01,14116173.0,14132978.0,14127563.0,0.0,0.0,0.0,Down_Aggressive_GO
2026.01.03 20:14,390235990,BTCJPY,BUY,OUT,0.01,14134452.0,14133544.0,14127373.0,0.0,0.0,-180.0,[sl 14133544]
2026.01.03 20:14,390235991,BTCJPY,BUY,OUT,0.01,14134452.0,14132978.0,14127563.0,0.0,0.0,-183.0,[sl 14132978]
2026.01.04 09:02,390245927,BTCJPY,SELL,IN,0.01,14316449.0,14337177.0,14319993.0,0.0,0.0,0.0,Down_Aggressive_GO
2026.01.04 09:03,390245941,BTCJPY,SELL,IN,0.01,14313092.0,14334040.0,14316196.0,0.0,0.0,0.0,Down_Aggressive_GO
2026.01.04 09:03,390245954,BTCJPY,BUY,OUT,0.01,14334147.0,14334040.0,14316196.0,0.0,0.0,-211.0,[sl 14334040]
2026.01.04 09:04,390245965,BTCJPY,SELL,IN,0.01,14314222.0,14334498.0,14318670.0,0.0,0.0,0.0,Down_Aggressive_GO
2026.01.04 09:05,390245974,BTCJPY,SELL,IN,0.01,14317830.0,14338325.0,14321841.0,0.0,0.0,0.0,Down_Aggressive_GO
2026.01.04 09:06,390245979,BTCJPY,SELL,IN,0.01,14314661.0,14334067.0,14317649.0,0.0,0.0,0.0,Down_Aggressive_GO
2026.01.04 09:06,390245981,BTCJPY,BUY,OUT,0.01,14336296.0,14334498.0,14318670.0,0.0,0.0,-221.0,[sl 14334498]
2026.01.04 09:06,390245985,BTCJPY,BUY,OUT,0.01,14336296.0,14334067.0,14317649.0,0.0,0.0,-216.0,[sl 14334067]
2026.01.04 09:07,390245995,BTCJPY,SELL,IN,0.01,14320480.0,14341554.0,14323331.0,0.0,0.0,0.0,Down_Aggressive_GO
2026.01.04 09:07,390246002,BTCJPY,BUY,OUT,0.01,14337190.0,14337177.0,14319993.0,0.0,0.0,-207.0,[sl 14337177]
2026.01.04 09:07,390246005,BTCJPY,BUY,OUT,0.01,14338633.0,14338325.0,14321841.0,0.0,0.0,-208.0,[sl 14338325]
2026.01.04 09:08,390246010,BTCJPY,SELL,IN,0.01,14323633.0,14344068.0,14325270.0,0.0,0.0,0.0,Down_Aggressive_GO
2026.01.04 09:09,390246028,BTCJPY,SELL,IN,0.01,14322488.0,14343677.0,14325111.0,0.0,0.0,0.0,Down_Aggressive_GO
2026.01.04 09:10,390246033,BTCJPY,SELL,IN,0.01,14321578.0,14342103.0,14325529.0,0.0,0.0,0.0,Down_Aggressive_GO
2026.01.04 09:11,390246034,BTCJPY,SELL,IN,0.01,14322284.0,14342219.0,14327414.0,0.0,0.0,0.0,Down_Aggressive_GO
2026.01.04 09:11,390246040,BTCJPY,BUY,OUT,0.01,14342665.0,14341554.0,14323331.0,0.0,0.0,-222.0,[sl 14341554]
2026.01.04 09:11,390246041,BTCJPY,BUY,OUT,0.01,14342665.0,14342103.0,14325529.0,0.0,0.0,-211.0,[sl 14342103]
2026.01.04 09:11,390246042,BTCJPY,BUY,OUT,0.01,14342665.0,14342219.0,14327414.0,0.0,0.0,-204.0,[sl 14342219]
2026.01.04 09:12,390246052,BTCJPY,SELL,IN,0.01,14325924.0,14346037.0,14330320.0,0.0,0.0,0.0,Down_Aggressive_GO
2026.01.04 09:13,390246092,BTCJPY,SELL,IN,0.01,14320465.0,14342152.0,14326750.0,0.0,0.0,0.0,Down_Aggressive_GO
2026.01.04 09:14,390246095,BTCJPY,SELL,IN,0.01,14320888.0,14340645.0,14326373.0,0.0,0.0,0.0,Down_Aggressive_GO
2026.01.04 09:15,390246100,BTCJPY,SELL,IN,0.01,14317704.0,14337858.0,14324279.0,0.0,0.0,0.0,Down_Aggressive_GO
2026.01.04 09:16,390246116,BTCJPY,SELL,IN,0.01,14320967.0,14338499.0,14326997.0,0.0,0.0,0.0,Down_Aggressive_GO
2026.01.04 09:17,390246120,BTCJPY,SELL,IN,0.01,14316669.0,14338668.0,14328092.0,0.0,0.0,0.0,Down_Aggressive_GO
2026.01.04 09:18,390246133,BTCJPY,SELL,IN,0.01,14317202.0,14335501.0,14324191.0,0.0,0.0,0.0,Down_Aggressive_GO
2026.01.04 09:19,390246145,BTCJPY,BUY,OUT,0.01,14335967.0,14335501.0,14324191.0,0.0,0.0,-188.0,[sl 14335501]
2026.01.04 09:19,390246147,BTCJPY,SELL,IN,0.01,14320967.0,14338918.0,14327664.0,0.0,0.0,0.0,Down_Aggressive_GO
2026.01.04 09:20,390246149,BTCJPY,SELL,IN,0.01,14319571.0,14339254.0,14329132.0,0.0,0.0,0.0,Down_Aggressive_GO
2026.01.04 09:22,390246161,BTCJPY,SELL,IN,0.01,14316355.0,14334476.0,14325113.0,0.0,0.0,0.0,Down_Aggressive_GO
2026.01.04 09:22,390246163,BTCJPY,BUY,OUT,0.01,14335527.0,14334476.0,14325113.0,0.0,0.0,-192.0,[sl 14334476]
2026.01.04 09:23,390246169,BTCJPY,SELL,IN,0.01,14320716.0,14339055.0,14329037.0,0.0,0.0,0.0,Down_Aggressive_GO
2026.01.04 09:24,390246174,BTCJPY,SELL,IN,0.01,14315414.0,14334288.0,14322666.0,0.0,0.0,0.0,Down_Aggressive_GO
2026.01.04 09:24,390246175,BTCJPY,BUY,OUT,0.01,14329724.0,14346037.0,14330320.0,0.0,0.0,-38.0,[tp 14330320]
2026.01.04 09:24,390246176,BTCJPY,BUY,OUT,0.01,14328955.0,14339254.0,14329132.0,0.0,0.0,-94.0,[tp 14329132]
2026.01.04 09:24,390246177,BTCJPY,BUY,OUT,0.01,14328955.0,14339055.0,14329037.0,0.0,0.0,-82.0,[tp 14329037]
2026.01.04 09:24,390246186,BTCJPY,BUY,OUT,0.01,14327684.0,14338668.0,14328092.0,0.0,0.0,-110.0,[tp 14328092]
2026.01.04 09:24,390246188,BTCJPY,BUY,OUT,0.01,14326962.0,14338499.0,14326997.0,0.0,0.0,-60.0,[tp 14326997]
2026.01.04 09:24,390246189,BTCJPY,BUY,OUT,0.01,14326962.0,14338918.0,14327664.0,0.0,0.0,-60.0,[tp 14327664]
2026.01.04 09:24,390246190,BTCJPY,BUY,OUT,0.01,14326335.0,14342152.0,14326750.0,0.0,0.0,-59.0,[tp 14326750]
2026.01.04 09:24,390246191,BTCJPY,BUY,OUT,0.01,14326335.0,14340645.0,14326373.0,0.0,0.0,-54.0,[tp 14326373]
2026.01.04 09:24,390246194,BTCJPY,BUY,OUT,0.01,14324876.0,14344068.0,14325270.0,0.0,0.0,-12.0,[tp 14325270]
2026.01.04 09:24,390246195,BTCJPY,BUY,OUT,0.01,14324876.0,14343677.0,14325111.0,0.0,0.0,-24.0,[tp 14325111]
2026.01.04 09:25,390246252,BTCJPY,BUY,OUT,0.01,14323668.0,14337858.0,14324279.0,0.0,0.0,-60.0,[tp 14324279]
2026.01.04 09:25,390246262,BTCJPY,BUY,OUT,0.01,14322429.0,14334288.0,14322666.0,0.0,0.0,-70.0,[tp 14322666]
2026.01.04 09:29,390246303,BTCJPY,SELL,IN,0.01,14314049.0,14333839.0,14319469.0,0.0,0.0,0.0,Down_Aggressive_GO
2026.01.04 09:30,390246309,BTCJPY,SELL,IN,0.01,14318112.0,14336744.0,14322273.0,0.0,0.0,0.0,Down_Aggressive_GO
2026.01.04 09:30,390246313,BTCJPY,BUY,OUT,0.01,14334924.0,14333839.0,14319469.0,0.0,0.0,-209.0,[sl 14333839]
2026.01.04 09:30,390246319,BTCJPY,BUY,OUT,0.01,14337331.0,14336744.0,14322273.0,0.0,0.0,-192.0,[sl 14336744]
2026.01.04 09:31,390246334,BTCJPY,SELL,IN,0.01,14320245.0,14340612.0,14325405.0,0.0,0.0,0.0,Down_Aggressive_GO
2026.01.04 09:32,390246345,BTCJPY,SELL,IN,0.01,14323304.0,14343618.0,14327677.0,0.0,0.0,0.0,Down_Aggressive_GO
2026.01.04 09:33,390246348,BTCJPY,SELL,IN,0.01,14320606.0,14341067.0,14325437.0,0.0,0.0,0.0,Down_Aggressive_GO
2026.01.04 09:34,390246352,BTCJPY,SELL,IN,0.01,14321076.0,14340941.0,14326345.0,0.0,0.0,0.0,Down_Aggressive_GO
2026.01.04 09:35,390246355,BTCJPY,SELL,IN,0.01,14322049.0,14341751.0,14327126.0,0.0,0.0,0.0,Down_Aggressive_GO
2026.01.04 09:36,390246359,BTCJPY,SELL,IN,0.01,14321814.0,14339166.0,14325240.0,0.0,0.0,0.0,Down_Aggressive_GO
2026.01.04 09:36,390246360,BTCJPY,BUY,OUT,0.01,14339873.0,14339166.0,14325240.0,0.0,0.0,-181.0,[sl 14339166]
2026.01.04 09:36,390246364,BTCJPY,BUY,OUT,0.01,14341065.0,14340612.0,14325405.0,0.0,0.0,-208.0,[sl 14340612]
2026.01.04 09:36,390246365,BTCJPY,BUY,OUT,0.01,14341065.0,14340941.0,14326345.0,0.0,0.0,-200.0,[sl 14340941]
2026.01.04 09:36,390246367,BTCJPY,BUY,OUT,0.01,14341253.0,14341067.0,14325437.0,0.0,0.0,-206.0,[sl 14341067]
2026.01.04 09:36,390246368,BTCJPY,BUY,OUT,0.01,14342273.0,14341751.0,14327126.0,0.0,0.0,-202.0,[sl 14341751]
2026.01.04 09:36,390246376,BTCJPY,BUY,OUT,0.01,14343748.0,14343618.0,14327677.0,0.0,0.0,-204.0,[sl 14343618]
2026.01.04 09:37,390246400,BTCJPY,SELL,IN,0.01,14324747.0,14344481.0,14330278.0,0.0,0.0,0.0,Down_Aggressive_GO
2026.01.04 09:37,390246403,BTCJPY,BUY,OUT,0.01,14345473.0,14344481.0,14330278.0,0.0,0.0,-207.0,[sl 14344481]
2026.01.04 12:26,390249528,BTCJPY,BUY,IN,0.01,14351418.0,14314497.0,14375882.0,0.0,0.0,0.0,Up_Balanced_GO
2026.01.04 12:31,390249576,BTCJPY,SELL,OUT,0.01,14351808.0,14353185.0,14375882.0,0.0,0.0,4.0,[sl 14353185]
2026.01.04 13:06,390250127,BTCJPY,BUY,IN,0.01,14351261.0,14323334.0,14379074.0,0.0,0.0,0.0,Up_Balanced_GO
2026.01.04 13:14,390250204,BTCJPY,SELL,OUT,0.01,14321845.0,14323334.0,14379074.0,0.0,0.0,-294.0,[sl 14323334]
2026.01.04 13:45,390250477,BTCJPY,BUY,IN,0.01,14338147.0,14323132.0,14379033.0,0.0,0.0,0.0,Up_Balanced_GO
2026.01.04 13:51,390250501,BTCJPY,SELL,OUT,0.01,14322739.0,14323132.0,14379033.0,0.0,0.0,-154.0,[sl 14323132]
2026.01.04 14:27,390251329,BTCJPY,BUY,IN,0.01,14335920.0,14318340.0,14378917.0,0.0,0.0,0.0,Up_Balanced_GO
2026.01.04 14:30,390251347,BTCJPY,SELL,OUT,0.01,14318237.0,14318340.0,14378917.0,0.0,0.0,-177.0,[sl 14318340]
2026.01.05 04:17,390313559,EURJPY,BUY,OUT,0.01,183.659,183.658,183.438,0.0,-21.0,240.0,[sl 183.658]
2026.01.05 09:46,390374565,XAUJPY,SELL,IN,0.01,694726.0,711819.0,671356.0,0.0,0.0,0.0,Down_Overbought_ADX26
2026.01.05 09:47,390374870,XAUJPY,BUY,OUT,0.01,694428.0,694423.0,671356.0,0.0,0.0,298.0,[sl 694423]
2026.01.05 18:40,390573074,XAUJPY,SELL,IN,0.01,694896.0,696513.0,692620.0,0.0,0.0,0.0,v10_Down_ADX30
2026.01.05 18:40,390573077,XAUJPY,SELL,IN,0.01,694942.0,696508.0,692716.0,0.0,0.0,0.0,v10_Down_ADX29
2026.01.05 18:54,390575778,XAUJPY,BUY,OUT,0.01,696510.0,696508.0,692716.0,0.0,0.0,-1568.0,[sl 696508]
2026.01.05 18:54,390575787,XAUJPY,BUY,OUT,0.01,696517.0,696513.0,692620.0,0.0,0.0,-1621.0,[sl 696513]
2026.01.06 11:20,390749119,XAUJPY,BUY,IN,0.01,696224.0,695772.0,696977.0,0.0,0.0,0.0,v10_Up_ADX16
2026.01.06 11:22,390749989,XAUJPY,SELL,OUT,0.01,696353.0,696375.0,696977.0,0.0,0.0,129.0,[sl 696375]
2026.01.06 11:50,390755851,XAUJPY,BUY,IN,0.01,695633.0,695136.0,696461.0,0.0,0.0,0.0,v10_Up_ADX16
2026.01.06 11:51,390756151,XAUJPY,SELL,OUT,0.01,695082.0,695136.0,696461.0,0.0,0.0,-551.0,[sl 695136]
2026.01.06 12:10,390762761,XAUJPY,BUY,IN,0.01,695725.0,695245.0,696551.0,0.0,0.0,0.0,v10_Up_ADX18
2026.01.06 12:15,390764116,XAUJPY,BUY,IN,0.01,695765.0,695325.0,696634.0,0.0,0.0,0.0,v10_Up_ADX19
2026.01.06 12:16,390764524,XAUJPY,SELL,OUT,0.01,695922.0,695929.0,696551.0,0.0,0.0,197.0,[sl 695929]
2026.01.06 12:16,390764525,XAUJPY,SELL,OUT,0.01,695922.0,695929.0,696634.0,0.0,0.0,157.0,[sl 695929]
2026.01.06 12:20,390764930,XAUJPY,BUY,IN,0.01,696167.0,695659.0,697014.0,0.0,0.0,0.0,v10_Up_ADX20
2026.01.06 12:21,390765091,XAUJPY,SELL,OUT,0.01,695659.0,695659.0,697014.0,0.0,0.0,-508.0,[sl 695659]
2026.01.06 12:40,390769327,XAUJPY,BUY,IN,0.01,696526.0,696003.0,697405.0,0.0,0.0,0.0,v10_Up_ADX20
2026.01.06 12:42,390769738,XAUJPY,SELL,OUT,0.01,696003.0,696003.0,697405.0,0.0,0.0,-523.0,[sl 696003]
2026.01.06 13:00,390772290,XAUJPY,BUY,IN,0.01,696613.0,696123.0,697339.0,0.0,0.0,0.0,v10_Up_ADX20
2026.01.06 13:20,390775562,XAUJPY,BUY,IN,0.01,696712.0,696410.0,697211.0,0.0,0.0,0.0,v10_Up_ADX15
2026.01.06 13:22,390775856,XAUJPY,SELL,OUT,0.01,696405.0,696410.0,697211.0,0.0,0.0,-307.0,[sl 696410]
2026.01.06 13:25,390776387,XAUJPY,SELL,OUT,0.01,696765.0,696796.0,697339.0,0.0,0.0,152.0,[sl 696796]
2026.01.06 13:35,390779430,XAUJPY,SELL,IN,0.01,697632.0,698193.0,697230.0,0.0,0.0,0.0,v10_Down_ADX15
2026.01.06 13:52,390784433,XAUJPY,BUY,OUT,0.01,698223.0,698193.0,697230.0,0.0,0.0,-591.0,[sl 698193]
2026.01.06 15:40,390816343,XAUJPY,SELL,IN,0.01,697621.0,698168.0,697202.0,0.0,0.0,0.0,v10_Down_ADX16
2026.01.06 15:45,390817539,XAUJPY,BUY,OUT,0.01,698187.0,698168.0,697202.0,0.0,0.0,-566.0,[sl 698168]
2026.01.06 15:55,390822405,XAUJPY,SELL,IN,0.01,698441.0,699008.0,697930.0,0.0,0.0,0.0,v10_Down_ADX18
2026.01.06 16:00,390823751,XAUJPY,SELL,IN,0.01,698611.0,699062.0,698275.0,0.0,0.0,0.0,v10_Down_ADX17
2026.01.06 16:00,390824125,XAUJPY,BUY,OUT,0.01,699025.0,699008.0,697930.0,0.0,0.0,-584.0,[sl 699008]
2026.01.06 16:02,390824953,XAUJPY,BUY,OUT,0.01,699070.0,699062.0,698275.0,0.0,0.0,-459.0,[sl 699062]
2026.01.06 16:20,390831821,XAUJPY,SELL,IN,0.01,698538.0,698998.0,698220.0,0.0,0.0,0.0,v10_Down_ADX17
2026.01.06 16:20,390832309,XAUJPY,BUY,OUT,0.01,698348.0,698332.0,698220.0,0.0,0.0,190.0,[sl 698332]
2026.01.06 16:25,390833777,XAUJPY,SELL,IN,0.01,698619.0,699010.0,698247.0,0.0,0.0,0.0,v10_Down_ADX18
2026.01.06 16:27,390834454,XAUJPY,BUY,OUT,0.01,699016.0,699010.0,698247.0,0.0,0.0,-397.0,[sl 699010]
2026.01.06 16:45,390844193,XAUJPY,SELL,IN,0.01,700673.0,701335.0,700156.0,0.0,0.0,0.0,v10_Down_ADX20
2026.01.06 16:45,390844628,XAUJPY,BUY,OUT,0.01,701340.0,701335.0,700156.0,0.0,0.0,-667.0,[sl 701335]
